{"cameraMode":{"drawMode":0,"name":"Shaded","section":"Shading Mode"},"sceneLighting":true,"audioPlay":false,"sceneViewState":{"showFog":true,"showMaterialUpdate":false,"showSkybox":true,"showFlares":true,"showImageEffects":true,"showParticleSystems":true},"in2DMode":false,"pivot":{"x":13.468465805053711,"y":-0.4066944122314453,"z":14.168598175048829},"rotation":{"x":0.07027382403612137,"y":0.9293777942657471,"z":-0.2425728291273117,"w":0.2692447304725647},"size":5.166553974151611,"orthographic":false}